id,Description,Weight (g),Common Measure,Content per Measure
14006,"Alcoholic beverage, beer, light",354,12 fl oz,103
14003,"Alcoholic beverage, beer, regular, all",355,12 fl oz,153
14010,"Alcoholic beverage, daiquiri, prepared-from-recipe",60,2 fl oz,112
14037,"Alcoholic beverage, distilled, all (gin, rum, vodka, whiskey) 80 proof",42,1.5 fl oz,97
14550,"Alcoholic beverage, distilled, all (gin, rum, vodka, whiskey) 86 proof",42,1.5 fl oz,105
14551,"Alcoholic beverage, distilled, all (gin, rum, vodka, whiskey) 90 proof",42,1.5 fl oz,110
14414,"Alcoholic beverage, liqueur, coffee, 53 proof",52,1.5 fl oz,170
14017,"Alcoholic beverage, pina colada, prepared-from-recipe",141,4.5 fl oz,245
14536,"Alcoholic beverage, wine, dessert, dry",103,3.5 fl oz,157
14057,"Alcoholic beverage, wine, dessert, sweet",103,3.5 fl oz,165
14096,"Alcoholic beverage, wine, table, red",103,3.5 fl oz,88
14106,"Alcoholic beverage, wine, table, white",103,3.5 fl oz,84
11001,"Alfalfa seeds, sprouted, raw",33,1 cup,8
9016,"Apple juice, canned or bottled, unsweetened, without added ascorbic",248,1 cup,117
9011,"Apples, dried, sulfured, uncooked",32,5 rings,78
9003,"Apples, raw, with skin",138,1 apple,72
9004,"Apples, raw, without skin",110,1 cup,53
9020,"Applesauce, canned, sweetened, without salt",255,1 cup,194
9019,"Applesauce, canned, unsweetened, without added ascorbic acid",244,1 cup,105
9403,"Apricot nectar, canned, with added ascorbic acid",251,1 cup,141
9027,"Apricots, canned, heavy syrup pack, with skin, solids and liquids",258,1 cup,214
9024,"Apricots, canned, juice pack, with skin, solids and liquids",244,1 cup,117
9032,"Apricots, dried, sulfured, uncooked",35,10 halves,84
9021,"Apricots, raw",35,1 apricot,17
11008,"Artichokes, (globe or french), cooked, boiled, drained, without salt",168,1 cup,89
11008,"Artichokes, (globe or french), cooked, boiled, drained, without salt",120,1 medium,64
11015,"Asparagus, canned, drained solids",72,4 spears,14
11012,"Asparagus, cooked, boiled, drained",60,4 spears,13
11019,"Asparagus, frozen, cooked, boiled, drained, without salt",60,4 spears,11
11019,"Asparagus, frozen, cooked, boiled, drained, without salt",180,1 cup,32
9038,"Avocados, raw, California",28.35,1 oz,47
9039,"Avocados, raw, Florida",28.35,1 oz,34
18005,"Bagels, cinnamon-raisin",71,"3-1/2"" bagel",194
18005,"Bagels, cinnamon-raisin",89,"4"" bagel",243
18003,"Bagels, egg",89,"4"" bagel",247
18003,"Bagels, egg",71,"3-1/2"" bagel",197
18001,"Bagels, plain, enriched, with calcium propionate (includes onion,poppy, sesame)",89,"4"" bagel",229
18001,"Bagels, plain, enriched, with calcium propionate (includes onion,poppy, sesame)",71,"3-1/2"" bagel",182
19077,"Baking chocolate, unsweetened, liquid",28.35,1 oz,134
19078,"Baking chocolate, unsweetened, squares",28.35,1 square,142
11028,"Bamboo shoots, canned, drained solids",131,1 cup,25
9040,"Bananas, raw",150,1 cup,134
9040,"Bananas, raw",118,1 banana,105
20006,"Barley, pearled, cooked",157,1 cup,193
20005,"Barley, pearled, raw",200,1 cup,704
16006,"Beans, baked, canned, plain or vegetarian",254,1 cup,239
16008,"Beans, baked, canned, with franks",259,1 cup,368
16010,"Beans, baked, canned, with pork and sweet sauce",253,1 cup,283
16011,"Beans, baked, canned, with pork and tomato sauce",253,1 cup,238
16015,"Beans, black, mature seeds, cooked, boiled, without salt",172,1 cup,227
16025,"Beans, great northern, mature seeds, cooked, boiled, without salt",177,1 cup,209
16034,"Beans, kidney, red, mature seeds, canned",256,1 cup,215
16033,"Beans, kidney, red, mature seeds, cooked, boiled, without salt",177,1 cup,225
16038,"Beans, navy, mature seeds, cooked, boiled, without salt",182,1 cup,255
16043,"Beans, pinto, mature seeds, cooked, boiled, without salt",171,1 cup,245
11056,"Beans, snap, green, canned, regular pack, drained solids",135,1 cup,31
11053,"Beans, snap, green, cooked, boiled, drained, without salt",125,1 cup,44
11061,"Beans, snap, green, frozen, cooked, boiled, drained without salt",135,1 cup,38
11932,"Beans, snap, yellow, canned, regular pack, drained solids",135,1 cup,27
11724,"Beans, snap, yellow, cooked, boiled, drained, without salt",125,1 cup,44
11732,"Beans, snap, yellow, frozen, cooked, boiled, drained, without salt",135,1 cup,38
16051,"Beans, white, mature seeds, canned",262,1 cup,299
22402,"Beef Macaroni, frozen entree",240,1 package,211
22905,"Beef stew, canned entree",232,1 cup,220
13818,"Beef, chuck, blade roast, separable lean and fat, trimmed to 1/8"" fat,choice, cooked, braised",85,3 oz,305
13058,"Beef, chuck, blade roast, separable lean only, trimmed to 1/4"" fat, allgrades, cooked, braised",85,3 oz,213
13348,"Beef, cured, corned beef, canned",85.05,3 oz,213
13350,"Beef, cured, dried",28.35,1 oz,43
23578,"Beef, ground, 75% lean meat / 25% fat, patty, cooked, broiled",85,3 oz,236
23573,"Beef, ground, 80% lean meat / 20% fat, patty, cooked, broiled",85,3 oz,230
23568,"Beef, ground, 85% lean meat / 15% fat, patty, cooked, broiled",85,3 oz,213
13073,"Beef, rib, whole (ribs 6-12), separable lean and fat, trimmed to 1/4""fat, all grades, cooked, roasted",85,3 oz,304
13085,"Beef, rib, whole (ribs 6-12), separable lean only, trimmed to 1/4"" fat,all grades, cooked, roasted",85,3 oz,195
13869,"Beef, round, bottom round, separable lean and fat, trimmed to 1/8"" fat,all grades, cooked, braised",85,3 oz,210
23605,"Beef, round, bottom round, separable lean only,trimmed to 1/8"" fat, allgrades, cooked, braised",85,3 oz,184
13878,"Beef, round, eye of round, separable lean and fat, trimmed to 1/8"" fat,all grades, cooked, roasted",85,3 oz,177
23598,"Beef, round, eye of round, separable lean only, trimmed to 1/8"" fat, allgrades, cooked, roasted",85,3 oz,144
13930,"Beef, top sirloin, separable lean and fat, trimmed to 1/8"" fat, all grades,cooked, broiled",85,3 oz,207
23610,"Beef, top sirloin, separable lean only, trimmed to 1/8"" fat, all grades,cooked, broiled",85,3 oz,151
13327,"Beef, variety meats and by-products, liver, cooked, pan-fried",85,3 oz,149
11087,"Beet greens, cooked, boiled, drained, without salt",144,1 cup,39
11084,"Beets, canned, drained solids",170,1 cup,53
11084,"Beets, canned, drained solids",24,1 beet,7
11081,"Beets, cooked, boiled, drained",170,1 cup,75
11081,"Beets, cooked, boiled, drained",50,1 beet,22
18016,"Biscuits, plain or buttermilk, prepared from recipe",60,"2-1/2"" biscuit",212
18016,"Biscuits, plain or buttermilk, prepared from recipe",101,"4"" biscuit",357
18015,"Biscuits, plain or buttermilk, refrigerated dough, higher fat, baked",27,"2-1/2"" biscuit",95
18013,"Biscuits, plain or buttermilk, refrigerated dough, lower fat, baked",21,"2-1/4"" biscuit",63
9042,"Blackberries, raw",144,1 cup,62
9055,"Blueberries, frozen, sweetened",230,1 cup,186
9050,"Blueberries, raw",145,1 cup,83
7008,"Bologna, beef and pork",56.7,2 slices,175
7014,"Braunschweiger (a liver sausage), pork",56.7,2 slices,185
18079,"Bread crumbs, dry, grated, plain",28.35,1 oz,112
18376,"Bread crumbs, dry, grated, seasoned",120,1 cup,460
18082,"Bread stuffing, bread, dry mix, prepared",100,1/2 cup,177
18019,"Bread, banana, prepared from recipe, made with margarine",60,1 slice,196
18023,"Bread, cornbread, dry mix, prepared",60,1 piece,188
18024,"Bread, cornbread, prepared from recipe, made with low fat (2%) milk",65,1 piece,173
18025,"Bread, cracked-wheat",25,1 slice,65
18027,"Bread, egg",40,"1/2"" slice",113
18029,"Bread, french or vienna (includes sourdough)",25,"1/2"" slice",72
18033,"Bread, italian",20,1 slice,54
18035,"Bread, Multi-Grain (includes whole-grain)",26,1 slice,69
18036,"Bread, Multi-Grain, toasted (includes whole-grain)",24,1 slice,69
18039,"Bread, oatmeal",27,1 slice,73
18040,"Bread, oatmeal, toasted",25,1 slice,73
18041,"Bread, pita, white, enriched",60,"6-1/2"" pita",165
18041,"Bread, pita, white, enriched",28,"4"" pita",77
18044,"Bread, pumpernickel",32,1 slice,80
18045,"Bread, pumpernickel, toasted",29,1 slice,80
18047,"Bread, raisin, enriched",26,1 slice,71
18048,"Bread, raisin, toasted, enriched",24,1 slice,71
18053,"Bread, reduced-calorie, rye",23,1 slice,47
18055,"Bread, reduced-calorie, wheat",23,1 slice,46
18057,"Bread, reduced-calorie, white",23,1 slice,48
18060,"Bread, rye",32,1 slice,83
18061,"Bread, rye, toasted",24,1 slice,68
18064,"Bread, wheat",25,1 slice,67
18065,"Bread, wheat, toasted",23,1 slice,72
18069,"Bread, white, commercially prepared (includes soft bread crumbs)",45,1 cup,120
18069,"Bread, white, commercially prepared (includes soft bread crumbs)",25,1 slice,67
18070,"Bread, white, commercially prepared, toasted",22,1 slice,64
18075,"Bread, whole-wheat, commercially prepared",28,1 slice,69
18076,"Bread, whole-wheat, commercially prepared, toasted",25,1 slice,77
11091,"Broccoli, cooked, boiled, drained, without salt",37,1 spear,13
11091,"Broccoli, cooked, boiled, drained, without salt",156,1 cup,55
11740,"Broccoli, flower clusters, raw",11,1 floweret,3
11093,"Broccoli, frozen, chopped, cooked, boiled, drained, without salt",184,1 cup,52
11090,"Broccoli, raw",88,1 cup,30
11090,"Broccoli, raw",31,1 spear,11
11099,"Brussels sprouts, cooked, boiled, drained, without salt",156,1 cup,56
11101,"Brussels sprouts, frozen, cooked, boiled, drained, without salt",155,1 cup,65
20011,"Buckwheat flour, whole-groat",120,1 cup,402
20010,"Buckwheat groats, roasted, cooked",168,1 cup,155
20013,"Bulgur, cooked",182,1 cup,151
20012,"Bulgur, dry",140,1 cup,479
1001,"Butter, salted",14.2,1 tbsp,102
1145,"Butter, without salt",14.2,1 tbsp,102
11117,"Cabbage, chinese (pak-choi), cooked, boiled, drained, without salt",170,1 cup,20
11120,"Cabbage, chinese (pe-tsai), cooked, boiled, drained, without salt",119,1 cup,17
11110,"Cabbage, cooked, boiled, drained, without salt",150,1 cup,35
11109,"Cabbage, raw",70,1 cup,18
11112,"Cabbage, red, raw",70,1 cup,22
11114,"Cabbage, savoy, raw",70,1 cup,19
18086,"Cake, angelfood, commercially prepared",28,1 piece,72
18088,"Cake, angelfood, dry mix, prepared",50,1 piece,129
18090,"Cake, boston cream pie, commercially prepared",92,1 piece,232
18096,"Cake, chocolate, commercially prepared with chocolate frosting",64,1 piece,235
18101,"Cake, chocolate, prepared from recipe without frosting",95,1 piece,352
18110,"Cake, fruitcake, commercially prepared",43,1 piece,139
18116,"Cake, gingerbread, prepared from recipe",74,1 piece,263
18119,"Cake, pineapple upside-down, prepared from recipe",115,1 piece,367
18120,"Cake, pound, commercially prepared, butter",28,1 piece,109
18451,"Cake, pound, commercially prepared, fat-free",28,1 slice,79
18126,"Cake, shortcake, biscuit-type, prepared from recipe",65,1 shortcake,225
18127,"Cake, snack cakes, creme-filled, chocolate with frosting",50,1 cupcake,200
18128,"Cake, snack cakes, creme-filled, sponge",42.5,1 cake,155
18452,"Cake, snack cakes, cupcakes, chocolate, with frosting, low-fat",43,1 cupcake,131
18133,"Cake, sponge, commercially prepared",30,1 shortcake,87
18134,"Cake, sponge, prepared from recipe",63,1 piece,187
18102,"Cake, white, prepared from recipe with coconut frosting",112,1 piece,399
18139,"Cake, white, prepared from recipe without frosting",74,1 piece,264
18140,"Cake, yellow, commercially prepared, with chocolate frosting",64,1 piece,243
18141,"Cake, yellow, commercially prepared, with vanilla frosting",64,1 piece,239
19074,"Candies, caramels",10.1,1 piece,39
19076,"Candies, caramels, chocolate-flavor roll",7,1 piece,28
19071,"Candies, carob, unsweetened",28.35,1 oz,153
19100,"Candies, fudge, chocolate, prepared-from-recipe",17,1 piece,70
19101,"Candies, fudge, chocolate, with nuts, prepared-from-recipe",19,1 piece,88
19104,"Candies, fudge, vanilla with nuts",15,1 piece,65
19103,"Candies, fudge, vanilla, prepared-from-recipe",16,1 piece,61
19106,"Candies, gumdrops, starch jelly pieces",4.2,1 medium,17
19106,"Candies, gumdrops, starch jelly pieces",74,10 worms,293
19106,"Candies, gumdrops, starch jelly pieces",22,10 bears,87
19107,"Candies, hard",6,1 piece,24
19107,"Candies, hard",3,1 small piece,12
19108,"Candies, jellybeans",28.35,10 large,106
19109,"Candies, KIT KAT Wafer Bar",42,1 bar (1.5 oz),218
19116,"Candies, marshmallows",50,1 cup,159
19141,"Candies, MASTERFOODS USA, M&M's Milk Chocolate Candies",7,10 pieces,34
19140,"Candies, MASTERFOODS USA, M&M's Peanut Chocolate Candies",20,10 pieces,103
19135,"Candies, MASTERFOODS USA, MILKY WAY Bar",61,1 bar (2.15 oz),276
19135,"Candies, MASTERFOODS USA, MILKY WAY Bar",18,1 fun size bar,81
19155,"Candies, MASTERFOODS USA, SNICKERS Bar",57,1 bar (2 oz),271
19156,"Candies, MASTERFOODS USA, STARBURST Fruit Chews,Original fruits",5,1 piece,20
19120,"Candies, milk chocolate",44,1 bar (1.55 oz),235
19126,"Candies, milk chocolate coated peanuts",40,10 pieces,208
19127,"Candies, milk chocolate coated raisins",10,10 pieces,39
19132,"Candies, milk chocolate, with almonds",41,1 bar (1.45 oz),216
19143,"Candies, MR. GOODBAR Chocolate Bar",49,1 bar (1.75 oz),264
19069,"Candies, NESTLE, BUTTERFINGER Bar",7,1 fun size bar,32
19145,"Candies, NESTLE, CRUNCH Bar and Dessert Topping",44,1 bar (1.55 oz),220
19150,"Candies, REESE'S Peanut Butter Cups",45,1 package (contains 2),232
19080,"Candies, semisweet chocolate",168,1 cup,805
19164,"Candies, SPECIAL DARK Chocolate Bar",8.4,1 miniature,45
19087,"Candies, white chocolate",170,1 cup,916
9060,"Carambola, (starfruit), raw",108,1 cup,33
9060,"Carambola, (starfruit), raw",91,1 fruit,28
14121,"Carbonated beverage, club soda",355,12 fl oz,0
14400,"Carbonated beverage, cola, contains caffeine",370,12 fl oz,137
14136,"Carbonated beverage, ginger ale",366,12 fl oz,124
14142,"Carbonated beverage, grape soda",372,12 fl oz,160
14416,"Carbonated beverage, low calorie, cola or pepper-type, withaspartame, contains caffeine",355,12 fl oz,7
14143,"Carbonated beverage, low calorie, other than cola or pepper,without caffeine",355,12 fl oz,0
14150,"Carbonated beverage, orange",372,12 fl oz,179
14153,"Carbonated beverage, pepper-type, contains caffeine",368,12 fl oz,151
14157,"Carbonated beverage, root beer",370,12 fl oz,152
14145,"Carbonated beverage, SPRITE, lemon-lime, without caffeine",368,12 fl oz,147
16055,Carob flour,8,1 tbsp,18
11655,"Carrot juice, canned",236,1 cup,94
11960,"Carrots, baby, raw",10,1 medium,4
11128,"Carrots, canned, regular pack, drained solids",146,1 cup,37
11125,"Carrots, cooked, boiled, drained, without salt",156,1 cup,55
11131,"Carrots, frozen, cooked, boiled, drained, without salt",146,1 cup,54
11124,"Carrots, raw",110,1 cup,45
11124,"Carrots, raw",72,1 carrot,30
11935,Catsup,15,1 tbsp,15
11935,Catsup,6,1 packet,6
11136,"Cauliflower, cooked, boiled, drained, without salt",54,3 flowerets,12
11136,"Cauliflower, cooked, boiled, drained, without salt",124,1 cup,29
11138,"Cauliflower, frozen, cooked, boiled, drained, without salt",180,1 cup,34
11135,"Cauliflower, raw",13,1 floweret,3
11135,"Cauliflower, raw",100,1 cup,25
11144,"Celery, cooked, boiled, drained, without salt",37.5,1 stalk,7
11144,"Celery, cooked, boiled, drained, without salt",150,1 cup,27
11143,"Celery, raw",40,1 stalk,6
11143,"Celery, raw",120,1 cup,19
8263,"Cereals ready-to-eat, GENERAL MILLS, APPLE CINNAMONCHEERIOS",30,3/4 cup,120
8262,"Cereals ready-to-eat, GENERAL MILLS, BASIC 4",55,1 cup,210
8274,"Cereals ready-to-eat, GENERAL MILLS, BERRY BERRY KIX",30,3/4 cup,120
8013,"Cereals ready-to-eat, GENERAL MILLS, CHEERIOS",30,1 cup,110
8272,"Cereals ready-to-eat, GENERAL MILLS, CINNAMON TOASTCRUNCH",30,3/4 cup,130
8271,"Cereals ready-to-eat, GENERAL MILLS, COCOA PUFFS",30,1 cup,120
8019,"Cereals ready-to-eat, GENERAL MILLS, Corn CHEX",30,1 cup,110
8035,"Cereals ready-to-eat, GENERAL MILLS, GOLDEN GRAHAMS",30,3/4 cup,120
8045,"Cereals ready-to-eat, GENERAL MILLS, HONEY NUT CHEERIOS",30,1 cup,118
8057,"Cereals ready-to-eat, GENERAL MILLS, Honey Nut CHEX",30,3/4 cup,120
8243,"Cereals ready-to-eat, GENERAL MILLS, HONEY NUT CLUSTERS",55,1 cup,210
8048,"Cereals ready-to-eat, GENERAL MILLS, KIX",30,1-1/3 cup,110
8050,"Cereals ready-to-eat, GENERAL MILLS, LUCKY CHARMS",30,1 cup,122
8261,"Cereals ready-to-eat, GENERAL MILLS, RAISIN NUT BRAN",55,1 cup,200
8194,"Cereals ready-to-eat, GENERAL MILLS, REESE'S PUFFS",30,3/4 cup,130
8064,"Cereals ready-to-eat, GENERAL MILLS, Rice CHEX",31,1-1/4 cup,120
8246,"Cereals ready-to-eat, GENERAL MILLS, TOTAL Corn Flakes",30,1-1/3 cup,112
8247,"Cereals ready-to-eat, GENERAL MILLS, TOTAL Raisin Bran",55,1 cup,170
8078,"Cereals ready-to-eat, GENERAL MILLS, TRIX",30,1 cup,120
8082,"Cereals ready-to-eat, GENERAL MILLS, Wheat CHEX",30,1 cup,108
8089,"Cereals ready-to-eat, GENERAL MILLS, WHEATIES",30,1 cup,110
8077,"Cereals ready-to-eat, GENERAL MILLS, Whole Grain TOTAL",30,3/4 cup,100
8001,"Cereals ready-to-eat, KELLOGG, KELLOGG'S ALL-BRAN Original",30,1/2 cup,78
8003,"Cereals ready-to-eat, KELLOGG, KELLOGG'S APPLE JACKS",30,1 cup,117
8014,"Cereals ready-to-eat, KELLOGG, KELLOGG'S COCOA KRISPIES",31,3/4 cup,118
8028,"Cereals ready-to-eat, KELLOGG, KELLOGG'S Complete Wheat BranFlakes",29,3/4 cup,92
8020,"Cereals ready-to-eat, KELLOGG, KELLOGG'S Corn Flakes",28,1 cup,101
8068,"Cereals ready-to-eat, KELLOGG, KELLOGG'S CORN POPS",31,1 cup,117
8259,"Cereals ready-to-eat, KELLOGG, KELLOGG'S CRISPIX",29,1 cup,109
8030,"Cereals ready-to-eat, KELLOGG, KELLOGG'S FROOT LOOPS",30,1 cup,118
8069,"Cereals ready-to-eat, KELLOGG, KELLOGG'S FROSTED FLAKES",31,3/4 cup,114
8319,"Cereals ready-to-eat, KELLOGG, KELLOGG'S FROSTED MINI-WHEATS, bite size",55,1 cup,189
8071,"Cereals ready-to-eat, KELLOGG, KELLOGG'S Honey SMACKS",27,3/4 cup,104
8058,"Cereals ready-to-eat, KELLOGG, KELLOGG'S PRODUCT 19",30,1 cup,100
8060,"Cereals ready-to-eat, KELLOGG, KELLOGG'S RAISIN BRAN",61,1 cup,196
8065,"Cereals ready-to-eat, KELLOGG, KELLOGG'S RICE KRISPIES",33,1-1/4 cup,128
8288,"Cereals ready-to-eat, KELLOGG, KELLOGG'S RICE KRISPIESTREATS Cereal",30,3/4 cup,120
8067,"Cereals ready-to-eat, KELLOGG, KELLOGG'S SPECIAL K",31,1 cup,117
8031,"Cereals ready-to-eat, KELLOGG'S FROSTED MINI-WHEATS,original",51,1 cup,175
8010,"Cereals ready-to-eat, QUAKER, CAP'N CRUNCH",27,3/4 cup,109
8011,"Cereals ready-to-eat, QUAKER, CAP'N CRUNCH withCRUNCHBERRIES",26,3/4 cup,105
8012,"Cereals ready-to-eat, QUAKER, CAP'N CRUNCH'S PEANUTBUTTER CRUNCH",27,3/4 cup,112
8220,"Cereals ready-to-eat, QUAKER, Low Fat 100% Natural Granola withRaisins",50,1/2 cup,195
8218,"Cereals ready-to-eat, QUAKER, QUAKER 100% Natural Cereal withoats, honey, and raisins",51,1/2 cup,213
8210,"Cereals ready-to-eat, QUAKER, QUAKER OAT CINNAMON LIFE",32,3/4 cup,119
8049,"Cereals ready-to-eat, QUAKER, QUAKER OAT LIFE, plain",32,3/4 cup,119
8219,"Cereals ready-to-eat, QUAKER, QUAKER toasted Oatmeal Cereal,Honey Nut",49,1 cup,188
8156,"Cereals ready-to-eat, rice, puffed, fortified",14,1 cup,56
8084,"Cereals ready-to-eat, wheat germ, toasted, plain",7.119,1 tbsp,27
8157,"Cereals ready-to-eat, wheat, puffed, fortified",12,1 cup,44
8147,"Cereals ready-to-eat, wheat, shredded, plain, sugar and salt free",46,2 biscuits,155
8091,"Cereals, corn grits, white, regular and quick, enriched, cooked withwater, without salt",242,1 cup,143
8164,"Cereals, corn grits, yellow, regular and quick, enriched, cooked withwater, without salt",242,1 cup,143
8109,"Cereals, CREAM OF WHEAT, mix'n eat, plain, prepared with water",142,1 packet,102
8105,"Cereals, CREAM OF WHEAT, quick, cooked with water, without salt",239,1 cup,129
8103,"Cereals, CREAM OF WHEAT, regular, cooked with water, withoutsalt",251,1 cup,131
8511,"Cereals, Malt-o-Meal, plain, prepared with water, without salt",268,1serving (3 T dry cereal plu,113
8123,"Cereals, oats, instant, fortified, plain, prepared with water (boilingwater added or microwaved)",177,1 packet,120
8121,"Cereals, oats, regular and quick and instant, unenriched, cooked withwater (includes boiling and microwaving), without salt",234,1 cup,166
8093,"Cereals, QUAKER, corn grits, instant, plain, prepared with water",137,1 packet,93
8131,"Cereals, QUAKER, Instant Oatmeal, maple and brown sugar, preparedwith boiling water",155,1 packet,157
8125,"Cereals, QUAKER,Instant Oatmeal, apples and cinnamon, preparedwith boiling water",149,1 packet,130
8143,"Cereals, WHEATENA, cooked with water",243,1 cup,136
1046,"Cheese food, pasteurized process, american, without di sodiumphosphate",28.35,1 oz,94
1164,"Cheese sauce, prepared from recipe",243,1 cup,479
1048,"Cheese spread, pasteurized process, american, without di sodiumphosphate",28.35,1 oz,82
1004,"Cheese, blue",28.35,1 oz,100
1007,"Cheese, camembert",38,1 wedge,114
1009,"Cheese, cheddar",28.35,1 oz,114
1012,"Cheese, cottage, creamed, large or small curd",210,1 cup,216
1013,"Cheese, cottage, creamed, with fruit",226,1 cup,219
1016,"Cheese, cottage, lowfat, 1% milkfat",226,1 cup,163
1015,"Cheese, cottage, lowfat, 2% milkfat",226,1 cup,203
1014,"Cheese, cottage, nonfat, uncreamed, dry, large or small curd",145,1 cup,123
1017,"Cheese, cream",14.5,1 tbsp,51
1186,"Cheese, cream, fat free",15.6,1 tbsp,15
1019,"Cheese, feta",28.35,1 oz,75
1168,"Cheese, low fat, cheddar or colby",28.35,1 oz,49
1029,"Cheese, mozzarella, part skim milk, low moisture",28.35,1 oz,86
1026,"Cheese, mozzarella, whole milk",28.35,1 oz,85
1030,"Cheese, muenster",28.35,1 oz,104
1031,"Cheese, neufchatel",28.35,1 oz,74
1032,"Cheese, parmesan, grated",5,1 tbsp,22
1042,"Cheese, pasteurized process, american, with di sodium phosphate",28.35,1 oz,106
1044,"Cheese, pasteurized process, swiss, with di sodium phosphate",28.35,1 oz,95
1035,"Cheese, provolone",28.35,1 oz,100
1037,"Cheese, ricotta, part skim milk",246,1 cup,339
1036,"Cheese, ricotta, whole milk",246,1 cup,428
1040,"Cheese, swiss",28.35,1 oz,108
18147,Cheesecake commercially prepared,80,1 piece,257
9064,"Cherries, sour, red, canned, water pack, solids and liquids (includesUSDA commodity red tart cherries, canned)",244,1 cup,88
9070,"Cherries, sweet, raw",68,10 cherries,43
22906,"Chicken pot pie, frozen entree",217,1 small pie,484
7017,"Chicken roll, light meat",56.7,2 slices,62
5058,"Chicken, broilers or fryers, breast, meat and skin, cooked, fried, batter",140,1/2 breast,364
5059,"Chicken, broilers or fryers, breast, meat and skin, cooked, fried, flour",98,1/2 breast,218
5064,"Chicken, broilers or fryers, breast, meat only, cooked, roasted",86,1/2 breast,142
5044,"Chicken, broilers or fryers, dark meat, meat only, cooked, fried",84,3 oz,201
5067,"Chicken, broilers or fryers, drumstick, meat and skin, cooked, fried,batter",72,1 drumstick,193
5068,"Chicken, broilers or fryers, drumstick, meat and skin, cooked, fried,flour",49,1 drumstick,120
5073,"Chicken, broilers or fryers, drumstick, meat only, cooked, roasted",44,1 drumstick,76
5022,"Chicken, broilers or fryers, giblets, cooked, simmered",145,1 cup,229
5040,"Chicken, broilers or fryers, light meat, meat only, cooked, fried",84,3 oz,161
5090,"Chicken, broilers or fryers, neck, meat only, cooked, simmered",18,1 neck,32
5092,"Chicken, broilers or fryers, thigh, meat and skin, cooked, fried, batter",86,1 thigh,238
5098,"Chicken, broilers or fryers, thigh, meat only, cooked, roasted",52,1 thigh,109
5101,"Chicken, broilers or fryers, wing, meat and skin, cooked, fried, batter",49,1 wing,159
5277,"Chicken, canned, meat only, with broth",142,5 oz,234
5028,"Chicken, liver, all classes, cooked, simmered",19.6,1 liver,33
5126,"Chicken, stewing, meat only, cooked, stewed",140,1 cup,332
16058,"Chickpeas (garbanzo beans, bengal gram), mature seeds, canned",240,1 cup,286
16057,"Chickpeas (garbanzo beans, bengal gram), mature seeds, cooked,boiled, without salt",164,1 cup,269
22904,"Chili con carne with beans, canned entree",222,1 cup,269
11156,"Chives, raw",3,1 tbsp,1
14181,Chocolate syrup,18.75,1 tbsp,52
14175,"Chocolate-flavor beverage mix for milk, powder, without addednutrients",21.6,2-3 heaping tsp,87
14177,"Chocolate-flavor beverage mix, powder, prepared with whole milk",266,1 cup,226
14196,"Cocoa mix, no sugar added, powder",15,1/2 oz envelope,57
14192,"Cocoa mix, powder",28.35,3 heaping tsp,113
14194,"Cocoa mix, powder, prepared with water",206,1 serving,113
14390,"Cocoa mix, with aspartame, powder, prepared with water",192,1 serving,56
19165,"Cocoa, dry powder, unsweetened",5.4,1 tbsp,12
14209,"Coffee, brewed from grounds, prepared with tap water",178,6 fl oz,2
14210,"Coffee, brewed, espresso, restaurant-prepared",60,2 fl oz,1
14215,"Coffee, instant, regular, prepared with water",179,6 fl oz,4
18104,"Coffeecake, cinnamon with crumb topping, commercially prepared,enriched",63,1 piece,263
11159,"Coleslaw, home-prepared",120,1 cup,94
11162,"Collards, cooked, boiled, drained, without salt",190,1 cup,49
11164,"Collards, frozen, chopped, cooked, boiled, drained, without salt",170,1 cup,61
18151,"Cookies, brownies, commercially prepared",56,1 brownie,227
18197,"Cookies, brownies, dry mix, special dietary, prepared",22,1 brownie,84
18155,"Cookies, butter, commercially prepared, enriched",5,1 cookie,23
18159,"Cookies, chocolate chip, commercially prepared, reg, higher fat,enriched",10,1 cookie,49
18158,"Cookies, chocolate chip, commercially prepared, regular, lower fat",10,1 cookie,45
18165,"Cookies, chocolate chip, prepared from recipe, made with margarine",16,1 cookie,78
18164,"Cookies, chocolate chip, refrigerated dough, baked",26,1 cookie,128
18166,"Cookies, chocolate sandwich, with creme filling, regular",10,1 cookie,47
18170,"Cookies, fig bars",16,1 cookie,56
18173,"Cookies, graham crackers, plain or honey (includes cinnamon)",84,1 cup,355
18173,"Cookies, graham crackers, plain or honey (includes cinnamon)",14,2 squares,59
18177,"Cookies, molasses",32,"1 cookie, large (3-1/2"" to 4""",138
18177,"Cookies, molasses",15,"1 cookie, medium",65
18456,"Cookies, oatmeal, commercially prepared, fat-free",11,1 cookie,36
18178,"Cookies, oatmeal, commercially prepared, regular",25,1 cookie,113
18179,"Cookies, oatmeal, commercially prepared, soft-type",15,1 cookie,61
18184,"Cookies, oatmeal, prepared from recipe, with raisins",15,1 cookie,65
18185,"Cookies, peanut butter, commercially prepared, regular",15,1 cookie,72
18189,"Cookies, peanut butter, prepared from recipe",20,1 cookie,95
18193,"Cookies, shortbread, commercially prepared, pecan",14,1 cookie,76
18192,"Cookies, shortbread, commercially prepared, plain",8,1 cookie,40
18204,"Cookies, sugar, commercially prepared, regular (includes vanilla)",15,1 cookie,72
18208,"Cookies, sugar, prepared from recipe, made with margarine",14,1 cookie,66
18206,"Cookies, sugar, refrigerated dough, baked",15,1 cookie,73
18210,"Cookies, vanilla sandwich with creme filling",15,1 cookie,72
18210,"Cookies, vanilla sandwich with creme filling",10,1 cookie,48
18212,"Cookies, vanilla wafers, lower fat",4,1 cookie,18
11901,"Corn, sweet, white, cooked, boiled, drained, without salt",77,1 ear,83
11174,"Corn, sweet, yellow, canned, cream style, regular pack",256,1 cup,184
11176,"Corn, sweet, yellow, canned, vacuum pack, regular pack",210,1 cup,166
11168,"Corn, sweet, yellow, cooked, boiled, drained, without salt",77,1 ear,83
11179,"Corn, sweet, yellow, frozen, kernels cut off cob, boiled, drained,without salt",164,1 cup,133
11181,"Corn, sweet, yellow, frozen, kernels on cob, cooked, boiled, drained,without salt",63,1 ear,59
20022,"Cornmeal, degermed, enriched, yellow",138,1 cup,509
20025,"Cornmeal, self-rising, degermed, enriched, yellow",138,1 cup,490
20020,"Cornmeal, whole-grain, yellow",122,1 cup,442
20027,Cornstarch,8.064,1 tbsp,31
20029,"Couscous, cooked",157,1 cup,176
20028,"Couscous, dry",173,1 cup,650
11192,"Cowpeas (Blackeyes), immature seeds, cooked, boiled, drained,without salt",165,1 cup,160
11196,"Cowpeas (blackeyes), immature seeds, frozen, cooked, boiled, drained,without salt",170,1 cup,224
16064,"Cowpeas, common (blackeyes, crowder, southern), mature seeds,canned, plain",240,1 cup,185
16063,"Cowpeas, common (blackeyes, crowder, southern), mature seeds,cooked, boiled, without salt",172,1 cup,200
18214,"Crackers, cheese, regular",10,10 crackers,50
18215,"Crackers, cheese, sandwich-type with peanut butter filling",7,1 sandwich,35
18217,"Crackers, matzo, plain",28.35,1 matzo,112
18220,"Crackers, melba toast, plain",20,4 pieces,78
18226,"Crackers, rye, wafers, plain",11,1 wafer,37
18228,"Crackers, saltines (includes oyster, soda, soup)",12,4 crackers,51
18229,"Crackers, standard snack-type, regular",12,4 crackers,60
18230,"Crackers, standard snack-type, sandwich, with cheese filling",7,1 sandwich,33
18232,"Crackers, wheat, regular",8,4 crackers,38
18235,"Crackers, whole-wheat",16,4 crackers,71
14242,"Cranberry juice cocktail, bottled",253,8 fl oz,137
9081,"Cranberry sauce, canned, sweetened",57,1 slice,86
1067,"Cream substitute, liquid, with hydrogenated vegetable oil and soyprotein",15,1 tbsp,20
1069,"Cream substitute, powdered",2,1 tsp,11
1049,"Cream, fluid, half and half",15,1 tbsp,20
1053,"Cream, fluid, heavy whipping",15,1 tbsp,52
1050,"Cream, fluid, light (coffee cream or table cream)",15,1 tbsp,29
1052,"Cream, fluid, light whipping",15,1 tbsp,44
1056,"Cream, sour, cultured",12,1 tbsp,26
1055,"Cream, sour, reduced fat, cultured",15,1 tbsp,20
1054,"Cream, whipped, cream topping, pressurized",3,1 tbsp,8
18239,"Croissants, butter",57,1 croissant,231
18243,"Croutons, seasoned",40,1 cup,186
15137,"Crustaceans, crab, alaska king, cooked, moist heat",85,3 oz,82
15138,"Crustaceans, crab, alaska king, imitation, made from surimi",85,3 oz,81
15141,"Crustaceans, crab, blue, canned",135,1 cup,134
15140,"Crustaceans, crab, blue, cooked, moist heat",85,3 oz,87
15142,"Crustaceans, crab, blue, crab cakes",60,1 cake,93
15148,"Crustaceans, lobster, northern, cooked, moist heat",85,3 oz,83
15152,"Crustaceans, shrimp, mixed species, canned",85.05,3 oz,85
15150,"Crustaceans, shrimp, mixed species, cooked, breaded and fried",85,3 oz,206
15150,"Crustaceans, shrimp, mixed species, cooked, breaded and fried",45,6 large,109
11206,"Cucumber, peeled, raw",119,1 cup,14
11206,"Cucumber, peeled, raw",280,1 large,34
11205,"Cucumber, with peel, raw",104,1 cup,16
11205,"Cucumber, with peel, raw",301,1 large,45
11208,"Dandelion greens, cooked, boiled, drained, without salt",105,1 cup,35
18245,"Danish pastry, cheese",71,1 danish,266
18246,"Danish pastry, fruit, enriched (includes apple, cinnamon, raisin, lemon,raspberry, strawberry)",71,1 danish,263
9087,"Dates, deglet noor",41.5,5 dates,117
9087,"Dates, deglet noor",178,1 cup,502
1071,"Dessert topping, powdered, 1.5 ounce prepared with 1/2 cup milk",4,1 tbsp,8
1072,"Dessert topping, pressurized",4,1 tbsp,11
1073,"Dessert topping, semi solid, frozen",4,1 tbsp,13
2045,"Dill weed, fresh",1,5 sprigs,0
18248,"Doughnuts, cake-type, plain (includes unsugared, old-fashioned)",14,1 hole,59
18248,"Doughnuts, cake-type, plain (includes unsugared, old-fashioned)",47,1 medium,196
18255,"Doughnuts, yeast-leavened, glazed, enriched (includes honey buns)",60,1 medium,239
18255,"Doughnuts, yeast-leavened, glazed, enriched (includes honey buns)",13,1 hole,52
5142,"Duck, domesticated, meat only, cooked, roasted",221,1/2 duck,444
18257,"Eclairs, custard-filled with chocolate glaze, prepared from recipe",100,1 eclair,262
1143,"Egg substitute, liquid",62.75,1/4 cup,53
1124,"Egg, white, raw, fresh",33.4,1 large,16
1128,"Egg, whole, cooked, fried",46,1 large,90
1129,"Egg, whole, cooked, hard-boiled",50,1 large,78
1131,"Egg, whole, cooked, poached",50,1 large,71
1132,"Egg, whole, cooked, scrambled",61,1 large,102
1123,"Egg, whole, raw, fresh",58,1 extra large,83
1123,"Egg, whole, raw, fresh",44,1 medium,63
1123,"Egg, whole, raw, fresh",50,1 large,72
1125,"Egg, yolk, raw, fresh",16.6,1 large,53
1057,Eggnog,254,1 cup,343
11210,"Eggplant, cooked, boiled, drained, without salt",99,1 cup,35
11213,"Endive, raw",50,1 cup,9
18258,"English muffins, plain, enriched, with ca prop (includes sourdough)",57,1 muffin,129
18259,"English muffins, plain, toasted, enriched, with calcium propionate(includes sourdough)",52,1 muffin,140
21047,"Entrees, fish fillet, battered or breaded, and fried",91,1 fillet,211
21302,"Fast Food, Pizza Chain, 14"" pizza, pepperoni topping, regular crust",106,1 slice,293
21005,"Fast Foods, biscuit, with egg and sausage",180,1 biscuit,562
21061,"Fast foods, burrito, with beans and cheese",93,1 burrito,189
21063,"Fast foods, burrito, with beans and meat",115.5,1 burrito,254
21094,"Fast foods, cheeseburger, regular, double patty and bun, plain",160,1 sandwich,488
21093,"Fast foods, cheeseburger; double, regular patty, with condiments andvegetables",166,1 sandwich,417
21092,"Fast foods, cheeseburger; double, regular patty; plain",155,1 sandwich,477
21097,"Fast foods, cheeseburger; single, large patty; with condiments andbacon",195,1 sandwich,550
21098,"Fast foods, cheeseburger; single, large patty; with condiments andvegetables",219,1 sandwich,451
21090,"Fast foods, cheeseburger; single, regular patty, with condiments",113,1 sandwich,305
21089,"Fast foods, cheeseburger; single, regular patty; plain",102,1 sandwich,309
21102,"Fast foods, chicken fillet sandwich, plain",182,1 sandwich,515
21229,"Fast foods, chicken, breaded and fried, boneless pieces, plain",106,6 pieces,315
21042,"Fast foods, chili con carne",253,1 cup,256
21070,"Fast foods, chimichanga, with beef",174,1 chimichanga,425
21043,"Fast foods, clams, breaded and fried",115,3/4 cup,451
21127,"Fast foods, coleslaw",99,3/4 cup,147
21012,"Fast foods, croissant, with egg, cheese, and bacon",129,1 croissant,413
21015,"Fast foods, danish pastry, cheese",91,1 pastry,353
21017,"Fast foods, danish pastry, fruit",94,1 pastry,335
21074,"Fast foods, enchilada, with cheese",163,1 enchilada,319
21021,"Fast foods, english muffin, with egg, cheese, and canadian bacon",137,1 muffin,303
21106,"Fast foods, fish sandwich, with tartar sauce and cheese",183,1 sandwich,523
21024,"Fast foods, french toast sticks",141,5 sticks,479
21023,"Fast foods, french toast with butter",135,2 slices,356
21077,"Fast foods, frijoles with cheese",167,1 cup,225
21114,"Fast foods, hamburger; double, large patty; with condiments andvegetables",226,1 sandwich,540
21111,"Fast foods, hamburger; double, regular patty; with condiments",215,1 sandwich,576
21113,"Fast foods, hamburger; single, large patty; with condiments andvegetables",218,1 sandwich,512
21108,"Fast foods, hamburger; single, regular patty; with condiments",106,1 sandwich,273
21118,"Fast foods, hotdog, plain",98,1 sandwich,242
21119,"Fast foods, hotdog, with chili",114,1 sandwich,296
21120,"Fast foods, hotdog, with corn flour coating (corndog)",175,1 corn dog,460
21129,"Fast foods, hush puppies",78,5 pieces,257
21028,"Fast foods, ice milk, vanilla, soft-serve, with cone",103,1 cone,164
21078,"Fast foods, nachos, with cheese",113,6-8 nachos,346
21130,"Fast foods, onion rings, breaded and fried",83,8-9 rings,276
21025,"Fast foods, pancakes with butter and syrup",232,2 pancakes,520
21138,"Fast foods, potato, french fried in vegetable oil",85,1 small,271
21138,"Fast foods, potato, french fried in vegetable oil",169,1 large,539
21138,"Fast foods, potato, french fried in vegetable oil",134,1 medium,427
21139,"Fast foods, potato, mashed",80,1/3 cup,66
21026,"Fast foods, potatoes, hashed brown",72,1/2 cup,235
21121,"Fast foods, roast beef sandwich, plain",139,1 sandwich,346
21053,"Fast foods, salad, vegetable, tossed, without dressing, with cheese andegg",217,1-1/2 cups,102
21054,"Fast foods, salad, vegetable, tossed, without dressing, with chicken",218,1-1/2 cups,105
21059,"Fast foods, shrimp, breaded and fried",164,6-8 shrimp,454
21124,"Fast foods, submarine sandwich, with cold cuts",228,"1 sandwich, 6"" roll",456
21125,"Fast foods, submarine sandwich, with roast beef",216,"1 sandwich, 6"" roll",410
21126,"Fast foods, submarine sandwich, with tuna salad",256,"1 sandwich, 6"" roll",584
21033,"Fast foods, sundae, hot fudge",158,1 sundae,284
21082,"Fast foods, taco",263,1 large,571
21082,"Fast foods, taco",171,1 small,371
21083,"Fast foods, taco salad",198,1-1/2 cups,279
21086,"Fast foods, tostada, with beans, beef, and cheese",225,1 tostada,333
9094,"Figs, dried, uncooked",38,2 figs,95
15011,"Fish, catfish, channel, cooked, breaded and fried",85,3 oz,195
15017,"Fish, cod, Atlantic, canned, solids and liquid",85,3 oz,89
15192,"Fish, cod, Pacific, cooked, dry heat",85,3 oz,89
15027,"Fish, fish portions and sticks, frozen, preheated",57,"1 portion (4"" x 2"" x 1/2"")",142
15027,"Fish, fish portions and sticks, frozen, preheated",28,"1 stick (4"" x 1"" x 1/2"")",70
15029,"Fish, flatfish (flounder and sole species), cooked, dry heat",85,3 oz,99
15029,"Fish, flatfish (flounder and sole species), cooked, dry heat",127,1 fillet,149
15034,"Fish, haddock, cooked, dry heat",85,3 oz,95
15034,"Fish, haddock, cooked, dry heat",150,1 fillet,168
15037,"Fish, halibut, Atlantic and Pacific, cooked, dry heat",159,1/2 fillet,223
15037,"Fish, halibut, Atlantic and Pacific, cooked, dry heat",85,3 oz,119
15041,"Fish, herring, Atlantic, pickled",85.05,3 oz,223
15058,"Fish, ocean perch, Atlantic, cooked, dry heat",50,1 fillet,61
15058,"Fish, ocean perch, Atlantic, cooked, dry heat",85,3 oz,103
15067,"Fish, pollock, walleye, cooked, dry heat",85,3 oz,96
15067,"Fish, pollock, walleye, cooked, dry heat",60,1 fillet,68
15071,"Fish, rockfish, Pacific, mixed species, cooked, dry heat",85,3 oz,103
15071,"Fish, rockfish, Pacific, mixed species, cooked, dry heat",149,1 fillet,180
15232,"Fish, roughy, orange, cooked, dry heat",85,3 oz,89
15077,"Fish, salmon, chinook, smoked",85.05,3 oz,100
15084,"Fish, salmon, pink, canned, solids with bone and liquid",85,3 oz,118
15086,"Fish, salmon, sockeye, cooked, dry heat",85,3 oz,184
15086,"Fish, salmon, sockeye, cooked, dry heat",155,1/2 fillet,335
15088,"Fish, sardine, Atlantic, canned in oil, drained solids with bone",85.05,3 oz,177
15111,"Fish, swordfish, cooked, dry heat",106,1 piece,164
15111,"Fish, swordfish, cooked, dry heat",85,3 oz,132
15241,"Fish, trout, rainbow, farmed, cooked, dry heat",85,3 oz,144
15128,"Fish, tuna salad",205,1 cup,383
15119,"Fish, tuna, light, canned in oil, drained solids",85.05,3 oz,168
15121,"Fish, tuna, light, canned in water, drained solids",85,3 oz,99
15126,"Fish, tuna, white, canned in water, drained solids",85,3 oz,109
15221,"Fish, tuna, yellowfin, fresh, cooked, dry heat",85,3 oz,118
7022,"Frankfurter, beef",45,1 frank,149
7023,"Frankfurter, beef and pork",45,1 frank,137
7024,"Frankfurter, chicken",45,1 frank,100
18268,"French toast, frozen, ready-to-heat",59,1 slice,126
18269,"French toast, prepared from recipe, made with low fat (2%) milk",65,1 slice,149
19226,"Frostings, chocolate, creamy, ready-to-eat",38,1/12 package,151
19230,"Frostings, vanilla, creamy, ready-to-eat",38,1/12 package,159
19263,"Frozen novelties, fruit and juice bars",77,1 bar (2.5 fl oz),67
19281,"Frozen novelties, ice type, italian, restaurant-prepared",116,1/2 cup,61
19283,"Frozen novelties, ice type, pop",59,1 bar (2 fl oz),47
19393,"Frozen yogurts, chocolate, soft-serve",72,1/2 cup,115
19293,"Frozen yogurts, vanilla, soft-serve",72,1/2 cup,117
19294,"Fruit butters, apple",17,1 tbsp,29
9100,"Fruit cocktail, (peach and pineapple and pear and grape and cherry),canned, heavy syrup, solids and liquids",248,1 cup,181
9097,"Fruit cocktail, (peach and pineapple and pear and grape and cherry),canned, juice pack, solids and liquids",237,1 cup,109
14267,"Fruit punch drink, with added nutrients, canned",248,8 fl oz,117
9189,"Fruit, mixed, (peach and cherry-sweet and -sour and raspberry andgrape and boysenberry), frozen, sweetened",250,1 cup,245
35142,"Frybread, made with lard (Navajo)",160,"10-1/2"" bread",528
35142,"Frybread, made with lard (Navajo)",90,"5"" bread",297
11215,"Garlic, raw",3,1 clove,4
19173,"Gelatin desserts, dry mix, prepared with water",135,1/2 cup,84
19176,"Gelatin desserts, dry mix, reduced calorie, with aspartame, preparedwith water",117,1/2 cup,23
14277,"Grape drink, canned",250,8 fl oz,153
9135,"Grape juice, canned or bottled, unsweetened, without added vitamin C",253,1 cup,154
9137,"Grape juice, frozen concentrate, sweetened, diluted with 3 volumewater, with added vitamin C",250,1 cup,128
9136,"Grape juice, frozen concentrate, sweetened, undiluted, with addedvitamin C",216,6-fl-oz can,387
9404,"Grapefruit juice, pink, raw",247,1 cup,96
9124,"Grapefruit juice, white, canned, sweetened",250,1 cup,115
9123,"Grapefruit juice, white, canned, unsweetened",247,1 cup,94
9126,"Grapefruit juice, white, frozen concentrate, unsweetened, diluted with3 volume water",247,1 cup,101
9125,"Grapefruit juice, white, frozen concentrate, unsweetened, undiluted",207,6-fl-oz can,302
9128,"Grapefruit juice, white, raw",247,1 cup,96
9112,"Grapefruit, raw, pink and red, all areas",123,1/2 grapefruit,52
9116,"Grapefruit, raw, white, all areas",118,1/2 grapefruit,39
9121,"Grapefruit, sections, canned, light syrup pack, solids and liquids",254,1 cup,152
9132,"Grapes, red or green (European type, such as Thompson seedless), raw",160,1 cup,110
9132,"Grapes, red or green (European type, such as Thompson seedless), raw",50,10 grapes,35
6116,"Gravy, beef, canned, ready-to-serve",58.25,1/4 cup,31
6119,"Gravy, chicken, canned, ready-to-serve",59.5,1/4 cup,47
6121,"Gravy, mushroom, canned",59.6,1/4 cup,30
6125,"Gravy, turkey, canned, ready-to-serve",59.6,1/4 cup,30
7027,"Ham, chopped, not canned",21,2 slices,38
7028,"Ham, sliced, extra lean",56.7,2 slices,61
7029,"Ham, sliced, regular (approximately 11% fat)",56.7,2 slices,92
11961,"Hearts of palm, canned",33,1 piece,9
19296,Honey,21,1 tbsp,64
2055,"Horseradish, prepared",5,1 tsp,2
16158,"Hummus, commercial",14,1 tbsp,23
19270,"Ice creams, chocolate",66,1/2 cup,143
19090,"Ice creams, french vanilla, soft-serve",86,1/2 cup,191
19095,"Ice creams, vanilla",66,1/2 cup,133
19088,"Ice creams, vanilla, light",66,1/2 cup,109
19089,"Ice creams, vanilla, rich",74,1/2 cup,184
19297,Jams and preserves,20,1 tbsp,56
19300,Jellies,19,1 tbsp,51
11226,"Jerusalem-artichokes, raw",150,1 cup,110
11234,"Kale, cooked, boiled, drained, without salt",130,1 cup,36
11236,"Kale, frozen, cooked, boiled, drained, without salt",130,1 cup,39
18505,KELLOGG'S Eggo Lowfat Homestyle Waffles,35,1 waffle,83
9148,"Kiwi fruit, (chinese gooseberries), fresh, raw",76,1 medium,46
11242,"Kohlrabi, cooked, boiled, drained, without salt",165,1 cup,48
17012,"Lamb, domestic, leg, whole (shank and sirloin), separable lean and fat,trimmed to 1/4"" fat, choice, cooked, roasted",85,3 oz,219
17014,"Lamb, domestic, leg, whole (shank and sirloin), separable lean only,trimmed to 1/4"" fat, choice, cooked, roasted",85,3 oz,162
17024,"Lamb, domestic, loin, separable lean and fat, trimmed to 1/4"" fat,choice, cooked, broiled",85,3 oz,269
17027,"Lamb, domestic, loin, separable lean only, trimmed to 1/4"" fat, choice,cooked, broiled",85,3 oz,184
17031,"Lamb, domestic, rib, separable lean and fat, trimmed to 1/4"" fat,choice, cooked, roasted",85,3 oz,305
17034,"Lamb, domestic, rib, separable lean only, trimmed to 1/4"" fat, choice,cooked, roasted",85,3 oz,197
17044,"Lamb, domestic, shoulder, arm, separable lean and fat, trimmed to 1/4"" fat, choice, cooked, braised",85,3 oz,294
17048,"Lamb, domestic, shoulder, arm, separable lean only, trimmed to 1/4"" fat, choice, cooked, braised",85,3 oz,237
4002,Lard,12.8,1 tbsp,115
18369,"Leavening agents, baking powder, double-acting, sodium aluminum sulfate",4.6,1 tsp,2
18370,"Leavening agents, baking powder, double-acting, straight phosphate",4.6,1 tsp,2
18371,"Leavening agents, baking powder, low-sodium",5,1 tsp,5
18372,"Leavening agents, baking soda",4.6,1 tsp,0
18373,"Leavening agents, cream of tartar",3,1 tsp,8
18375,"Leavening agents, yeast, baker's, active dry",7,1 pkg,21
18375,"Leavening agents, yeast, baker's, active dry",4,1 tsp,12
18374,"Leavening agents, yeast, baker's, compressed",17,1 cake,18
11247,"Leeks, (bulb and lower leaf-portion), cooked, boiled, drained, without,salt",104,1 cup,32
9153,"Lemon juice, canned or bottled",244,1 cup,51
9153,"Lemon juice, canned or bottled",15.2,1 tbsp,3
9152,"Lemon juice, raw",47,juice of 1 lemon,12
14293,"Lemonade, frozen concentrate, white, prepared with water",248,8 fl oz,99
14290,"Lemonade, low calorie, with aspartame, powder, prepared with water",237,8 fl oz,7
14297,"Lemonade-flavor drink, powder, prepared with water",266,8 fl oz,69
9150,"Lemons, raw, without peel",58,1 lemon,17
16070,"Lentils, mature seeds, cooked, boiled, without salt",198,1 cup,230
11250,"Lettuce, butterhead (includes boston and bibb types), raw",163,1 head,21
11250,"Lettuce, butterhead (includes boston and bibb types), raw",7.5,1 medium leaf,1
11251,"Lettuce, cos or romaine, raw",10,1 leaf,2
11251,"Lettuce, cos or romaine, raw",56,1 cup,10
11253,"Lettuce, green leaf, raw",10,1 leaf,2
11253,"Lettuce, green leaf, raw",56,1 cup,8
11252,"Lettuce, iceberg (includes crisphead types), raw",55,1 cup,8
11252,"Lettuce, iceberg (includes crisphead types), raw",8,1 medium,1
11252,"Lettuce, iceberg (includes crisphead types), raw",539,1 head,75
11040,"Lima beans, immature seeds, frozen, baby, cooked, boiled, drained,without salt",180,1 cup,189
11038,"Lima beans, immature seeds, frozen, fordhook, cooked, boiled, drained, without salt",170,1 cup,175
16073,"Lima beans, large, mature seeds, canned",241,1 cup,190
16072,"Lima beans, large, mature seeds, cooked, boiled, without salt",188,1 cup,216
9161,"Lime juice, canned or bottled, unsweetened",15.4,1 tbsp,3
9161,"Lime juice, canned or bottled, unsweetened",246,1 cup,52
9160,"Lime juice, raw",38,juice of 1 lime,10
22247,"Macaroni and Cheese, canned entree",252,1 cup,207
20100,"Macaroni, cooked, enriched",140,1 cup,221
14315,"Malted drink mix, chocolate, with added nutrients, powder",21,3 heaping tsp,82
14316,"Malted drink mix, chocolate, with added nutrients, powder, prepared with whole milk",265,1 cup,223
14309,"Malted drink mix, natural, with added nutrients, powder",21,4-5 heaping tsp,78
14310,"Malted drink mix, natural, with added nutrients, powder, prepared with whole milk",265,1 cup,228
9176,"Mangos, raw",207,1 mango,135
9176,"Mangos, raw",165,1 cup,107
4613,"Margarine, margarine-like vegetable oil spread, 60% fat, tub",4.8,1 tsp,26
4611,"Margarine, regular, tub, composite, 80% fat, with salt",14.2,1 tbsp,101
4132,"Margarine, regular, unspecified oils, with salt added",14.1,1 tbsp,101
4612,"Margarine, vegetable oil spread, 60% fat, stick",4.8,1 tsp,26
4612,"Margarine, vegetable oil spread, 60% fat, stick",14.3,1 tbsp,77
4585,"Margarine-butter blend, soybean oil and butter",14.2,1 tbsp,101
4128,"Margarine-like spread, (approximately 37% fat), unspecified oils",4.8,1 tsp,16
9181,"Melons, cantaloupe, raw",160,1 cup,54
9181,"Melons, cantaloupe, raw",69,1/8 melon,23
9184,"Melons, honeydew, raw",170,1 cup,61
9184,"Melons, honeydew, raw",160,1/8 melon,58
1110,"Milk shakes, thick chocolate",300,10.6 fl oz,357
1111,"Milk shakes, thick vanilla",313,11 fl oz,351
1094,"Milk, buttermilk, dried",6.5,1 tbsp,25
1088,"Milk, buttermilk, fluid, cultured, lowfat",245,1 cup,98
1095,"Milk, canned, condensed, sweetened",306,1 cup,982
1097,"Milk, canned, evaporated, nonfat",256,1 cup,200
1096,"Milk, canned, evaporated, without added vitamin A",252,1 cup,338
1104,"Milk, chocolate, fluid, commercial, lowfat",250,1 cup,158
1103,"Milk, chocolate, fluid, commercial, reduced fat",250,1 cup,190
1102,"Milk, chocolate, fluid, commercial, whole",250,1 cup,208
1092,"Milk, dry, nonfat, instant, with added vitamin A",23,1/3 cup,82
1082,"Milk, lowfat, fluid, 1% milkfat, with added vitamin A",244,1 cup,102
1085,"Milk, nonfat, fluid, with added vitamin A (fat free or skim)",245,1 cup,83
1079,"Milk, reduced fat, fluid, 2% milkfat, with added vitamin A",244,1 cup,122
1077,"Milk, whole, 3.25% milkfat",244,1 cup,146
16112,Miso,68.75,1 cup,137
15160,"Mollusks, clam, mixed species, canned, drained solids",85,3 oz,126
15157,"Mollusks, clam, mixed species, raw",85,3 oz,63
15168,"Mollusks, oyster, eastern, cooked, breaded and fried",85,3 oz,167
15167,"Mollusks, oyster, eastern, wild, raw",84,6 medium,57
15173,"Mollusks, scallop, mixed species, cooked, breaded and fried",93,6 large,200
18274,"Muffins, blueberry, commercially prepared (Includes mini-muffins)",57,1 muffin,224
18278,"Muffins, blueberry, prepared from recipe, made with low fat (2%) milk",57,1 muffin,162
18279,"Muffins, corn, commercially prepared",57,1 muffin,174
18280,"Muffins, corn, dry mix, prepared",50,1 muffin,161
18283,"Muffins, oat bran",57,1 muffin,154
18388,"Muffins, wheat bran, toaster-type with raisins, toasted",34,1 muffin,106
11044,"Mung beans, mature seeds, sprouted, cooked, boiled, drained, without salt",124,1 cup,26
11043,"Mung beans, mature seeds, sprouted, raw",104,1 cup,31
11264,"Mushrooms, canned, drained solids",156,1 cup,39
11261,"Mushrooms, cooked, boiled, drained, without salt",156,1 cup,44
11269,"Mushrooms, shiitake, cooked, without salt",145,1 cup,81
11268,"Mushrooms, shiitake, dried",3.6,1 mushroom,11
11260,"Mushrooms, white, raw",70,1 cup,15
11271,"Mustard greens, cooked, boiled, drained, without salt",140,1 cup,21
2046,"Mustard, prepared, yellow",5,1 tsp or 1 packet,3
9191,"Nectarines, raw",136,1 nectarine,60
20113,"Noodles, chinese, chow mein",45,1 cup,237
20110,"Noodles, egg, cooked, enriched",160,1 cup,221
20112,"Noodles, egg, spinach, cooked, enriched",160,1 cup,211
12061,"Nuts, almonds",28.35,1 oz (24 nuts),163
12078,"Nuts, brazilnuts, dried, unblanched",28.35,1 oz (6-8 nuts),186
12585,"Nuts, cashew nuts, dry roasted, with salt added",28.35,1 oz,163
12586,"Nuts, cashew nuts, oil roasted, with salt added",28.35,1 oz (18 nuts),165
12167,"Nuts, chestnuts, european, roasted",143,1 cup,350
12179,"Nuts, coconut meat, dried (desiccated), sweetened, shredded",93,1 cup,466
12104,"Nuts, coconut meat, raw",45,1 piece,159
12120,"Nuts, hazelnuts or filberts",28.35,1 oz,178
12632,"Nuts, macadamia nuts, dry roasted, with salt added",28.35,1 oz (10-12 nuts),203
12635,"Nuts, mixed nuts, dry roasted, with peanuts, with salt added",28.35,1 oz,168
12637,"Nuts, mixed nuts, with peanuts, oil roasted, with salt added",28.35,1 oz,175
12142,"Nuts, pecans",28.35,1 oz (20 halves),196
12147,"Nuts, pine nuts, dried",28.35,1 oz,191
12147,"Nuts, pine nuts, dried",8.6,1 tbsp,58
12652,"Nuts, pistachio nuts, dry roasted, with salt added",28.35,1 oz (47 nuts),161
12155,"Nuts, walnuts, english",28.35,1 oz (14 halves),185
20034,"Oat bran, cooked",219,1 cup,88
20033,"Oat bran, raw",94,1 cup,231
4053,"Oil, olive, salad or cooking",13.5,1 tbsp,119
4042,"Oil, peanut, salad or cooking",13.5,1 tbsp,119
4058,"Oil, sesame, salad or cooking",13.6,1 tbsp,120
4034,"Oil, soybean, salad or cooking, (hydrogenated)",13.6,1 tbsp,120
4543,"Oil, soybean, salad or cooking, (hydrogenated) and cottonseed",13.6,1 tbsp,120
4511,"Oil, vegetable safflower, salad or cooking, oleic, over 70% (primary safflower oil of commerce)",13.6,1 tbsp,120
4582,"Oil, vegetable, canola",14,1 tbsp,124
4518,"Oil, vegetable, corn, industrial and retail, all purpose salad or cooking",13.6,1 tbsp,120
4506,"Oil, vegetable, sunflower, linoleic, (approx. 65%)",13.6,1 tbsp,120
11279,"Okra, cooked, boiled, drained, without salt",160,1 cup,35
11281,"Okra, frozen, cooked, boiled, drained, without salt",184,1 cup,52
9193,"Olives, ripe, canned (small-extra large)",22,5 large,25
11296,"Onion rings, breaded, par fried, frozen, prepared, heated in oven",60,10 rings,244
11283,"Onions, cooked, boiled, drained, without salt",210,1 cup,92
11283,"Onions, cooked, boiled, drained, without salt",94,1 medium,41
11284,"Onions, dehydrated flakes",5,1 tbsp,17
11282,"Onions, raw",110,1 whole,44
11282,"Onions, raw",14,1 slice,6
11282,"Onions, raw",160,1 cup,64
11291,"Onions, spring or scallions (includes tops and bulb), raw",100,1 cup,32
11291,"Onions, spring or scallions (includes tops and bulb), raw",15,1 whole,5
9207,"Orange juice, canned, unsweetened",249,1 cup,105
9209,"Orange juice, chilled, includes from concentrate",249,1 cup,110
9215,"Orange juice, frozen concentrate, unsweetened, diluted with 3 volume water",249,1 cup,112
9214,"Orange juice, frozen concentrate, unsweetened, undiluted",213,6-fl-oz can,339
9206,"Orange juice, raw",248,1 cup,112
9206,"Orange juice, raw",86,juice from 1 orange,39
9200,"Oranges, raw, all commercial varieties",131,1 orange,62
9200,"Oranges, raw, all commercial varieties",180,1 cup,85
18288,"Pancakes plain, frozen, ready-to-heat (includes buttermilk)",36,1 pancake,81
18290,"Pancakes, plain, dry mix, complete, prepared",38,1 pancake,74
18292,"Pancakes, plain, dry mix, incomplete, prepared",38,1 pancake,83
9226,"Papayas, raw",304,1 papaya,119
9226,"Papayas, raw",140,1 cup,55
11297,"Parsley, raw",10,10 sprigs,4
11299,"Parsnips, cooked, boiled, drained, without salt",156,1 cup,111
22907,"Pasta with meatballs in tomato sauce, canned entree",252,1 cup,260
9241,"Peaches, canned, heavy syrup pack, solids and liquids",262,1 cup,194
9241,"Peaches, canned, heavy syrup pack, solids and liquids",98,1 half,73
9238,"Peaches, canned, juice pack, solids and liquids",98,1 half,43
9238,"Peaches, canned, juice pack, solids and liquids",248,1 cup,109
9246,"Peaches, dried, sulfured, uncooked",39,3 halves,93
9250,"Peaches, frozen, sliced, sweetened",250,1 cup,235
9236,"Peaches, raw",170,1 cup,66
9236,"Peaches, raw",98,1 peach,38
16097,"Peanut butter, chunk style, with salt",16,1 tbsp,94
16098,"Peanut butter, smooth style, with salt",16,1 tbsp,94
16090,"Peanuts, all types, dry-roasted, with salt",28.35,1 oz (approx 28),166
16390,"Peanuts, all types, dry-roasted, without salt",28.35,1 oz (approx 28),166
16089,"Peanuts, all types, oil-roasted, with salt",28.35,1 oz,170
9340,"Pears, asian, raw",275,1 pear,116
9340,"Pears, asian, raw",122,1 pear,51
9257,"Pears, canned, heavy syrup pack, solids and liquids",76,1 half,56
9257,"Pears, canned, heavy syrup pack, solids and liquids",266,1 cup,197
9254,"Pears, canned, juice pack, solids and liquids",76,1 half,38
9254,"Pears, canned, juice pack, solids and liquids",248,1 cup,124
9252,"Pears, raw",166,1 pear,96
11301,"Peas, edible-podded, boiled, drained, without salt",160,1 cup,67
11303,"Peas, edible-podded, frozen, cooked, boiled, drained, without salt",160,1 cup,83
11308,"Peas, green, canned, regular pack, drained solids",170,1 cup,117
11313,"Peas, green, frozen, cooked, boiled, drained, without salt",160,1 cup,125
16086,"Peas, split, mature seeds, cooked, boiled, without salt",196,1 cup,231
11670,"Peppers, hot chili, green, raw",45,1 pepper,18
11819,"Peppers, hot chili, red, raw",45,1 pepper,18
11632,"Peppers, jalapeno, canned, solids and liquids",26,1/4 cup,7
11334,"Peppers, sweet, green, cooked, boiled, drained, without salt",136,1 cup,38
11333,"Peppers, sweet, green, raw",119,1 pepper,24
11333,"Peppers, sweet, green, raw",149,1 cup,30
11333,"Peppers, sweet, green, raw",10,1 ring,2
11823,"Peppers, sweet, red, cooked, boiled, drained, without salt",136,1 cup,38
11821,"Peppers, sweet, red, raw",149,1 cup,46
11821,"Peppers, sweet, red, raw",119,1 pepper,37
11945,"Pickle relish, sweet",15,1 tbsp,20
11937,"Pickles, cucumber, dill or kosher dill",65,1 pickle,8
18330,"Pie crust, cookie-type, prepared from recipe, graham cracker, baked",239,1 pie shell,1181
18335,"Pie crust, standard-type, frozen, ready-to-bake, baked",126,1 pie shell,648
18336,"Pie crust, standard-type, prepared from recipe, baked",180,1 pie shell,949
19312,"Pie fillings, apple, canned",74,1/8 of 21-oz can,74
19314,"Pie fillings, canned, cherry",74,1/8 of 21-oz can,85
18301,"Pie, apple, commercially prepared, enriched flour",117,1 piece,277
18302,"Pie, apple, prepared from recipe",155,1 piece,411
18305,"Pie, blueberry, commercially prepared",117,1 piece,271
18306,"Pie, blueberry, prepared from recipe",147,1 piece,360
18308,"Pie, cherry, commercially prepared",117,1 piece,304
18309,"Pie, cherry, prepared from recipe",180,1 piece,486
18310,"Pie, chocolate creme, commercially prepared",113,1 piece,344
18316,"Pie, coconut custard, commercially prepared",104,1 piece,270
18444,"Pie, fried pies, cherry",128,1 pie,404
18319,"Pie, fried pies, fruit",128,1 pie,404
18320,"Pie, lemon meringue, commercially prepared",113,1 piece,303
18321,"Pie, lemon meringue, prepared from recipe",127,1 piece,362
18324,"Pie, pecan, commercially prepared",113,1 piece,452
18325,"Pie, pecan, prepared from recipe",122,1 piece,503
18326,"Pie, pumpkin, commercially prepared",109,1 piece,229
18327,"Pie, pumpkin, prepared from recipe",155,1 piece,316
11943,"Pimento, canned",12,1 tbsp,3
14334,"Pineapple and grapefruit juice drink, canned",250,8 fl oz,118
14341,"Pineapple and orange juice drink, canned",250,8 fl oz,125
9273,"Pineapple juice, canned, unsweetened, without added ascorbic acid",250,1 cup,133
9270,"Pineapple, canned, heavy syrup pack, solids and liquids",254,1 cup,198
9270,"Pineapple, canned, heavy syrup pack, solids and liquids",49,1 slice,38
9268,"Pineapple, canned, juice pack, solids and liquids",47,1 slice,28
9268,"Pineapple, canned, juice pack, solids and liquids",249,1 cup,149
9266,"Pineapple, raw, all varieties",155,1 cup,78
21224,"Pizza, cheese topping, regular crust, frozen, cooked",63,1 serving,169
21226,"Pizza, meat and vegetable topping, regular crust, frozen, cooked",79,1 serving,218
9278,"Plantains, cooked",154,1 cup,179
9277,"Plantains, raw",179,1 medium,218
9284,"Plums, canned, purple, heavy syrup pack, solids and liquids",258,1 cup,230
9284,"Plums, canned, purple, heavy syrup pack, solids and liquids",46,1 plum,41
9282,"Plums, canned, purple, juice pack, solids and liquids",46,1 plum,27
9282,"Plums, canned, purple, juice pack, solids and liquids",252,1 cup,146
9292,"Plums, dried (prunes), stewed, without added sugar",248,1 cup,265
9291,"Plums, dried (prunes), uncooked",42,5 prunes,101
9279,"Plums, raw",66,1 plum,30
7065,"Pork and beef sausage, fresh, cooked",26,2 links,103
7064,"Pork sausage, fresh, cooked",27,1 patty,92
7064,"Pork sausage, fresh, cooked",26,2 links,88
10124,"Pork, cured, bacon, cooked, broiled, pan-fried or roasted",19,3 medium slices,103
10131,"Pork, cured, canadian-style bacon, grilled",46.5,2 slices,86
10185,"Pork, cured, ham, extra lean and regular, canned, roasted",85,3 oz,142
10151,"Pork, cured, ham, whole, separable lean and fat, roasted",85,3 oz,207
10153,"Pork, cured, ham, whole, separable lean only, roasted",85,3 oz,133
10193,"Pork, fresh, backribs, separable lean and fat, cooked, roasted",85,3 oz,315
10009,"Pork, fresh, leg (ham), whole, separable lean and fat, cooked, roasted",85,3 oz,232
10011,"Pork, fresh, leg (ham), whole, separable lean only, cooked, roasted",85,3 oz,179
10038,"Pork, fresh, loin, center loin (chops), bone-in, separable lean and fat, cooked, broiled",85,3 oz,178
10179,"Pork, fresh, loin, center loin (chops), bone-in, separable lean and fat,cooked, pan-fried",85,3 oz,235
10042,"Pork, fresh, loin, center loin (chops), bone-in, separable lean only, cooked, broiled",85,3 oz,153
10176,"Pork, fresh, loin, center loin (chops), bone-in, separable lean only, cooked, pan-fried",85,3 oz,197
10047,"Pork, fresh, loin, center rib (roasts), bone-in, separable lean and fat,cooked, roasted",85,3 oz,217
10051,"Pork, fresh, loin, center rib (roasts), bone-in, separable lean only,cooked, roasted",85,3 oz,190
10205,"Pork, fresh, loin, country-style ribs, separable lean and fat, cooked, braised",85,3 oz,232
10075,"Pork, fresh, shoulder, arm picnic, separable lean and fat, cooked, braised",85,3 oz,280
10078,"Pork, fresh, shoulder, arm picnic, separable lean only, cooked, braised",85,3 oz,211
10089,"Pork, fresh, spareribs, separable lean and fat, cooked, braised",85,3 oz,337
11672,Potato pancakes,76,1 pancake,204
11399,"Potato puffs, frozen, oven-heated",79,10 puffs,150
11414,"Potato salad, home-prepared",250,1 cup,358
11674,"Potato, baked, flesh and skin, without salt",202,1 potato,188
11385,"Potatoes, au gratin, dry mix, prepared with water, whole milk and butter",245,1 cup,228
11373,"Potatoes, au gratin, home-prepared from recipe using butter",245,1 cup,323
11363,"Potatoes, baked, flesh, without salt",156,1 potato,145
11364,"Potatoes, baked, skin, without salt",58,1 skin,115
11365,"Potatoes, boiled, cooked in skin, flesh, without salt",136,1 potato,118
11367,"Potatoes, boiled, cooked without skin, flesh, without salt",156,1 cup,134
11367,"Potatoes, boiled, cooked without skin, flesh, without salt",135,1 potato,116
11403,"Potatoes, french fried, all types, salt added in processing, frozen, home-prepared, oven heated",50,10 strips,67
11391,"Potatoes, hashed brown, frozen, plain, prepared",29,1 patty,63
11370,"Potatoes, hashed brown, home-prepared",156,1 cup,413
11379,"Potatoes, mashed, dehydrated, prepared from flakes without milk, whole milk and butter added",210,1 cup,204
11657,"Potatoes, mashed, home-prepared, whole milk added",210,1 cup,174
11371,"Potatoes, mashed, home-prepared, whole milk and margarine added",210,1 cup,237
11387,"Potatoes, scalloped, dry mix, prepared with water, whole milk and butter",245,1 cup,228
11372,"Potatoes, scalloped, home-prepared with butter",245,1 cup,216
5306,"Poultry food products, ground turkey, cooked",82,1 patty,193
9294,"Prune juice, canned",256,1 cup,182
19123,"Puddings, chocolate, dry mix, instant, prepared with 2% milk",147,1/2 cup,154
19190,"Puddings, chocolate, dry mix, regular, prepared with 2% milk",142,1/2 cup,155
19183,"Puddings, chocolate, ready-to-eat",113,4 oz,160
19193,"Puddings, rice, ready-to-eat",113.4,4 oz,134
19218,"Puddings, tapioca, ready-to-eat",113,4 oz,147
19212,"Puddings, vanilla, dry mix, regular, prepared with 2% milk",140,1/2 cup,141
19201,"Puddings, vanilla, ready-to-eat",113,4 oz,147
11424,"Pumpkin, canned, without salt",245,1 cup,83
11423,"Pumpkin, cooked, boiled, drained, without salt",245,1 cup,49
11429,"Radishes, raw",4.5,1 radish,1
9298,"Raisins, seedless",14,1 packet,42
9298,"Raisins, seedless",145,1 cup,434
9306,"Raspberries, frozen, red, sweetened",250,1 cup,258
9302,"Raspberries, raw",123,1 cup,64
16103,"Refried beans, canned (includes USDA commodity)",252,1 cup,237
9310,"Rhubarb, frozen, cooked, with sugar",240,1 cup,278
20037,"Rice, brown, long-grain, cooked",195,1 cup,216
20047,"Rice, white, long-grain, parboiled, enriched, cooked",175,1 cup,215
20046,"Rice, white, long-grain, parboiled, enriched, dry",185,1 cup,692
20049,"Rice, white, long-grain, precooked or instant, enriched, prepared",165,1 cup,193
20045,"Rice, white, long-grain, regular, cooked",158,1 cup,205
20044,"Rice, white, long-grain, regular, raw, enriched",185,1 cup,675
18342,"Rolls, dinner, plain, commercially prepared (includes brown-and-serve)",28,1 roll,87
18350,"Rolls, hamburger or hotdog, plain",43,1 roll,120
18353,"Rolls, hard (includes kaiser)",57,1 roll,167
11436,"Rutabagas, cooked, boiled, drained, without salt",170,1 cup,66
4539,"Salad dressing, blue or roquefort cheese dressing, commercial, regular",15.3,1 tbsp,77
4120,"Salad dressing, french dressing, commercial, regular",15.6,1 tbsp,71
4020,"Salad dressing, french dressing, reduced fat",16.3,1 tbsp,38
4133,"Salad dressing, french, home recipe",14,1 tbsp,88
4134,"Salad dressing, home recipe, cooked",16,1 tbsp,25
4135,"Salad dressing, home recipe, vinegar and oil",15.6,1 tbsp,70
4114,"Salad dressing, italian dressing, commercial, regular",14.7,1 tbsp,43
4021,"Salad dressing, italian dressing, reduced fat",15,1 tbsp,11
4025,"Salad dressing, mayonnaise, soybean oil, with salt",13.8,1 tbsp,99
4015,"Salad dressing, russian dressing",15.3,1 tbsp,54
4022,"Salad dressing, russian dressing, low calorie",16.3,1 tbsp,23
4023,"Salad dressing, thousand island dressing, reduced fat",15.3,1 tbsp,31
4017,"Salad dressing, thousand island, commercial, regular",15.6,1 tbsp,58
7069,"Salami, cooked, beef and pork",56.7,2 slices,191
7072,"Salami, dry or hard, pork, beef",20,2 slices,77
2047,"Salt, table",6,1 tsp,0
7073,"Sandwich spread, pork, beef",15,1 tbsp,35
6150,"Sauce, barbecue",15.75,1 tbsp,24
6930,"Sauce, cheese, ready-to-serve",63,1/4 cup,110
6175,"Sauce, hoisin, ready-to-serve",16,1 tbsp,35
6166,"Sauce, homemade, white, medium",250,1 cup,368
6931,"Sauce, pasta, spaghetti/marinara, ready-to-serve",250,1 cup,218
6168,"Sauce, ready-to-serve, pepper or hot",4.7,1 tsp,1
6164,"Sauce, salsa, ready-to-serve",16,1 tbsp,4
6112,"Sauce, teriyaki, ready-to-serve",18,1 tbsp,16
11439,"Sauerkraut, canned, solids and liquids",236,1 cup,45
7083,"Sausage, Vienna, canned, chicken, beef, pork",16,1 sausage,37
11445,"Seaweed, kelp, raw",10,2 tbsp,4
11667,"Seaweed, spirulina, dried",0.93,1 tbsp,3
12516,"Seeds, pumpkin and squash seed kernels, roasted, with salt added",28.35,1 oz (142 seeds),148
12166,"Seeds, sesame butter, tahini, from roasted and toasted kernels (most",15,1 tbsp,89
12201,"Seeds, sesame seed kernels, dried (decorticated)",8,1 tbsp,50
12537,"Seeds, sunflower seed kernels, dry roasted, with salt added",28.35,1 oz,165
12537,"Seeds, sunflower seed kernels, dry roasted, with salt added",32,1/4 cup,186
14346,"Shake, fast food, chocolate",333,16 fl oz,423
14347,"Shake, fast food, vanilla",333,16 fl oz,493
11677,"Shallots, raw",10,1 tbsp,7
19097,"Sherbet, orange",74,1/2 cup,107
4031,"Shortening, household, soybean (hydrogenated)-cottonseed(hydrogenated)",12.8,1 tbsp,113
19002,"Snacks, beef jerky, chopped and formed",19.8,1 large piece,81
19033,"Snacks, CHEX mix",28.35,1 oz (about 2/3 cup),120
19004,"Snacks, corn-based, extruded, chips, barbecue-flavor",28.35,1 oz,148
19003,"Snacks, corn-based, extruded, chips, plain",28.35,1 oz,147
19008,"Snacks, corn-based, extruded, puffs or twists, cheese-flavor",28.35,1 oz,158
19013,"Snacks, fruit leather, pieces",28.35,1 oz,102
19014,"Snacks, fruit leather, rolls",21,1 large,78
19015,"Snacks, granola bars, hard, plain",28.35,1 bar,134
19026,"Snacks, granola bars, soft, coated, milk chocolate coating, peanut butter butter",28.35,1 bar,144
19404,"Snacks, granola bars, soft, uncoated, chocolate chip",28.35,1 bar,119
19022,"Snacks, granola bars, soft, uncoated, raisin",28.35,1 bar,127
19441,"Snacks, KELLOGG, KELLOGG'S NUTRI-GRAIN Cereal Bars, fruit-filled",37,1 bar,139
19438,"Snacks, KELLOGG, KELLOGG'S RICE KRISPIES TREATS Squares",22,1 bar,91
19031,"Snacks, oriental mix, rice-based",28.35,1 oz (about 1/4 cup),143
19034,"Snacks, popcorn, air-popped",8,1 cup,31
19036,"Snacks, popcorn, cakes",10,1 cake,38
19038,"Snacks, popcorn, caramel-coated, with peanuts",42,1 cup,168
19039,"Snacks, popcorn, caramel-coated, without peanuts",35.2,1 cup,152
19040,"Snacks, popcorn, cheese-flavor",11,1 cup,58
19035,"Snacks, popcorn, oil-popped, microwave, regular flavor",11,1 cup,64
19041,"Snacks, pork skins, plain",28.35,1 oz,154
19042,"Snacks, potato chips, barbecue-flavor",28.35,1 oz,139
19045,"Snacks, potato chips, made from dried potatoes, light",28.35,1 oz,142
19410,"Snacks, potato chips, made from dried potatoes, plain",28.35,1 oz,158
19046,"Snacks, potato chips, made from dried potatoes, sour-cream and onion-",28.35,1 oz,155
19411,"Snacks, potato chips, plain, salted",28.35,1 oz,155
19811,"Snacks, potato chips, plain, unsalted",28.35,1 oz,152
19422,"Snacks, potato chips, reduced fat",28.35,1 oz,134
19043,"Snacks, potato chips, sour-cream-and-onion-flavor",28.35,1 oz,151
19047,"Snacks, pretzels, hard, plain, salted",60,10 pretzels,227
19051,"Snacks, rice cakes, brown rice, plain",9,1 cake,35
19057,"Snacks, tortilla chips, nacho cheese",28.35,1 oz,146
19424,"Snacks, tortilla chips, nacho-flavor, reduced fat",28.35,1 oz,126
19056,"Snacks, tortilla chips, plain, white corn",28.35,1 oz,139
19062,"Snacks, trail mix, regular, with chocolate chips, salted nuts and seeds",146,1 cup,707
19061,"Snacks, trail mix, tropical",140,1 cup,570
6007,"Soup, bean with ham, canned, chunky, ready-to-serve, commercial",243,1 cup,231
6404,"Soup, bean with pork, canned, prepared with equal volume water",253,1 cup,159
6075,"Soup, beef broth or bouillon, powder, dry",6,1 packet,14
6432,"Soup, beef broth, bouillon, consomme, prepared with equal volume",241,1 cup,29
6409,"Soup, beef noodle, canned, prepared with equal volume water",244,1 cup,83
6419,"Soup, chicken noodle, canned, prepared with equal volume water",241,1 cup,60
6528,"Soup, chicken noodle, dry, mix, prepared with water",252.3,1 cup,58
6024,"Soup, chicken vegetable, chunky, canned, ready-to-serve",240,1 cup,166
6423,"Soup, chicken with rice, canned, prepared with equal volume water",241,1 cup,58
6018,"Soup, chunky chicken noodle, canned, ready-to-serve",240,1 cup,89
6067,"Soup, chunky vegetable, canned, ready-to-serve",240,1 cup,122
6428,"Soup, clam chowder, manhattanwater",244,1 cup,73
6230,"Soup, clam chowder, new england, canned, prepared with equal volume low fat (2%) milk",248,1 cup,151
6216,"Soup, cream of chicken, canned, prepared with equal volume milk",248,1 cup,191
6416,"Soup, cream of chicken, canned, prepared with equal volume water",244,1 cup,117
6243,"Soup, cream of mushroom, canned, prepared with equal volume low fat (2%) milk",248,1 cup,166
6443,"Soup, cream of mushroom, canned, prepared with equal volume water",244,1 cup,102
6440,"Soup, minestrone, canned, prepared with equal volume water",241,1 cup,82
6094,"Soup, onion, dry, mix",39,1 packet,114
6494,"Soup, onion, dry, mix, prepared with water",246,1 cup,30
6449,"Soup, pea, green, canned, prepared with equal volume water",250,1 cup,153
6174,"Soup, stock, fish, home-prepared",233,1 cup,40
6359,"Soup, tomato, canned, prepared with equal volume low fat (2%) milk",248,1 cup,136
6559,"Soup, tomato, canned, prepared with equal volume water, commercial",244,1 cup,73
6471,"Soup, vegetable beef, canned, prepared with equal volume water",244,1 cup,76
6468,"Soup, vegetarian vegetable, canned, prepared with equal volume water",241,1 cup,67
1058,"Sour dressing, non-butterfat, cultured, filled cream-type",12,1 tbsp,21
16123,Soy sauce made from soy and wheat (shoyu),16,1 tbsp,8
11451,"Soybeans, green, cooked, boiled, drained, without salt",180,1 cup,254
16109,"Soybeans, mature cooked, boiled, without salt",172,1 cup,298
16120,"Soymilk, original and vanilla, unfortified",245,1 cup,132
22401,"Spaghetti with meat sauce, frozen entree",283,1 package,255
20121,"Spaghetti, cooked, enriched, without added salt",140,1 cup,221
20125,"Spaghetti, whole-wheat, cooked",140,1 cup,174
2007,"Spices, celery seed",2,1 tsp,8
2009,"Spices, chili powder",2.6,1 tsp,8
2010,"Spices, cinnamon, ground",2.3,1 tsp,6
2015,"Spices, curry powder",2,1 tsp,7
2020,"Spices, garlic powder",2.8,1 tsp,9
2026,"Spices, onion powder",2.1,1 tsp,7
2027,"Spices, oregano, dried",1.5,1 tsp,5
2028,"Spices, paprika",2.1,1 tsp,6
2029,"Spices, parsley, dried",1.3,1 tbsp,4
2030,"Spices, pepper, black",2.1,1 tsp,5
11658,Spinach souffle,136,1 cup,233
11461,"Spinach, canned, drained solids",214,1 cup,49
11458,"Spinach, cooked, boiled, drained, without salt",180,1 cup,41
11464,"Spinach, frozen, chopped or leaf, cooked, boiled, drained, without salt",190,1 cup,65
11457,"Spinach, raw",30,1 cup,7
11457,"Spinach, raw",10,1 leaf,2
11642,"Squash, summer, all varieties, cooked, boiled, drained, without salt",180,1 cup,36
11641,"Squash, summer, all varieties, raw",113,1 cup,18
11644,"Squash, winter, all varieties, cooked, baked, without salt",205,1 cup,76
11488,"Squash, winter, butternut, frozen, cooked, boiled, without salt",240,1 cup,94
9320,"Strawberries, frozen, sweetened, sliced",255,1 cup,245
9316,"Strawberries, raw",166,1 cup,53
9316,"Strawberries, raw",12,1 strawberry,4
9316,"Strawberries, raw",18,1 strawberry,6
19334,"Sugars, brown",3.2,1 tsp,12
19335,"Sugars, granulated",4.2,1 tsp,16
19336,"Sugars, powdered",8,1 tbsp,31
11647,"Sweet potato, canned, syrup pack, drained solids",196,1 cup,212
11512,"Sweet potato, canned, vacuum pack",255,1 cup,232
11508,"Sweet potato, cooked, baked in skin, without salt",146,1 potato,131
11510,"Sweet potato, cooked, boiled, without skin",156,1 potato,119
11659,"Sweet potato, cooked, candied, home-prepared",105,1 piece,151
18356,"Sweet rolls, cinnamon, commercially prepared with raisins",60,1 roll,223
18358,"Sweet rolls, cinnamon, refrigerated dough with frosting, baked",30,1 roll,109
19348,"Syrups, chocolate, fudge-type",19,1 tbsp,67
19350,"Syrups, corn, light",20,1 tbsp,57
19353,"Syrups, maple",20,1 tbsp,52
19129,"Syrups, table blends, pancake",20,1 tbsp,47
19128,"Syrups, table blends, pancake, reduced-calorie",15,1 tbsp,25
18360,"Taco shells, baked",13.3,1 medium,62
9223,"Tangerine juice, canned, sweetened",249,1 cup,125
9220,"Tangerines, (mandarin oranges), canned, light syrup pack",252,1 cup,154
9218,"Tangerines, (mandarin oranges), raw",84,1 tangerine,45
20068,"Tapioca, pearl, dry",152,1 cup,544
14355,"Tea, brewed, prepared with tap water",178,6 fl oz,2
14545,"Tea, herb, chamomile, brewed",178,6 fl oz,2
14381,"Tea, herb, other than chamomile, brewed",178,6 fl oz,2
14376,"Tea, instant, sweetened with sodium saccharin, lemon-flavored,Tea, instant, sweetened with sugar, lemon-flavored, without added",237,8 fl oz,5
14371,"Tea, instant, sweetened with sugar, lemon-flavored, without addedTea, instant, unsweetened, powder, prepared",259,8 fl oz,91
14367,"Tea, instant, unsweetened, powder, prepared",237,8 fl oz,2
18361,"Toaster pastries, brown-sugar-cinnamon",50,1 pastry,206
18362,"Toaster pastries, fruit (includes apple, blueberry, cherry, strawberry)",52,1 pastry,203
16126,"Tofu, firm, prepared with calcium sulfate and magnesium chlorideTofu, soft, prepared with calcium sulfate and magnesium chloride",81,1/4 block,57
16127,"Tofu, soft, prepared with calcium sulfate and magnesium chlorideTomatillos, raw",120,1 piece,73
11954,"Tomatillos, raw",34,1 medium,11
11540,"Tomato juice, canned, with salt added",243,1 cup,41
11546,"Tomato products, canned, paste, without salt added",262,1 cup,215
11547,"Tomato products, canned, puree, without salt added",250,1 cup,95
11549,"Tomato products, canned, sauce",245,1 cup,59
11531,"Tomatoes, red, ripe, canned, packed in tomato juice",240,1 cup,41
11533,"Tomatoes, red, ripe, canned, stewed",255,1 cup,66
11529,"Tomatoes, red, ripe, raw, year round average",20,1 slice,4
11529,"Tomatoes, red, ripe, raw, year round average",180,1 cup,32
11529,"Tomatoes, red, ripe, raw, year round average",123,1 tomato,22
11529,"Tomatoes, red, ripe, raw, year round average",17,1 cherry tomato,3
11955,"Tomatoes, sun-dried",2,1 piece,5
11956,"Tomatoes, sun-dried, packed in oil, drained",3,1 piece,6
18363,"Tortillas, ready-to-bake or -fry, corn",26,1 tortilla,57
18364,"Tortillas, ready-to-bake or -fry, flour",32,1 tortilla,100
21088,Tostada with guacamole,130.5,1 tostada,180
5286,"Turkey and gravy, frozen",142,5-oz package,95
5292,"Turkey patties, breaded, battered, fried",64,1 patty,181
5296,"Turkey roast, boneless, frozen, seasoned, light and dark meat, roasted",85.05,3 oz,132
5188,"Turkey, all classes, dark meat, cooked, roasted",84,3 oz,157
5172,"Turkey, all classes, giblets, cooked, simmered, some giblet fat",145,1 cup,289
5186,"Turkey, all classes, light meat, cooked, roasted",84,3 oz,132
5168,"Turkey, all classes, meat only, cooked, roasted",140,1 cup,238
5180,"Turkey, all classes, neck, meat only, cooked, simmered",152,1 neck,274
11569,"Turnip greens, cooked, boiled, drained, without salt",144,1 cup,29
11575,"Turnip greens, frozen, cooked, boiled, drained, without salt",164,1 cup,48
11565,"Turnips, cooked, boiled, drained, without salt",156,1 cup,34
2050,Vanilla extract,4.2,1 tsp,12
17095,"Veal, leg (top round), separable lean and fat, cooked, braised",85,3 oz,179
17112,"Veal, rib, separable lean and fat, cooked, roasted",85,3 oz,194
11578,"Vegetable juice cocktail, canned",242,1 cup,46
11581,"Vegetables, mixed, canned, drained solids",163,1 cup,80
11584,"Vegetables, mixed, frozen, cooked, boiled, drained, without salt",182,1 cup,118
2048,"Vinegar, cider",15,1 tbsp,3
18403,"Waffles, plain, frozen, ready -to-heat, toasted",33,1 waffle,103
18367,"Waffles, plain, prepared from recipe",75,1 waffle,218
14429,"Water, tap, municipal",237,8 fl oz,0
11590,"Waterchestnuts, chinese, canned, solids and liquids",140,1 cup,70
9326,"Watermelon, raw",286,1 wedge,86
9326,"Watermelon, raw",152,1 cup,46
20081,"Wheat flour, white, all-purpose, enriched, bleached",125,1 cup,455
20082,"Wheat flour, white, all-purpose, self-rising, enriched",125,1 cup,443
20083,"Wheat flour, white, bread, enriched",137,1 cup,495
20084,"Wheat flour, white, cake, enriched",137,1 cup,496
20080,"Wheat flour, whole-grain",120,1 cup,407
20089,"Wild rice, cooked",164,1 cup,166
1121,"Yogurt, fruit, low fat, 10 grams protein per 8 ounce",227,8-oz container,232
1117,"Yogurt, plain, low fat, 12 grams protein per 8 ounce",227,8-oz container,143
1118,"Yogurt, plain, skim milk, 13 grams protein per 8 ounce",227,8-oz container,127
1116,"Yogurt, plain, whole milk, 8 grams protein per 8 ounce",227,8-oz container,138
